{"cameraMode":{"drawMode":0,"name":"Shaded","section":"Shading Mode"},"sceneLighting":false,"audioPlay":false,"sceneViewState":{"m_AlwaysRefresh":false,"showFog":false,"showSkybox":false,"showFlares":false,"showImageEffects":false,"showParticleSystems":false,"showVisualEffectGraphs":true,"m_FxEnabled":true},"in2DMode":false,"pivot":{"x":-0.010658890008926392,"y":0.7044786810874939,"z":-0.02406373620033264},"rotation":{"x":-0.08666057139635086,"y":0.07407205551862717,"z":-0.006428241264075041,"w":-0.993556022644043},"size":0.901373028755188,"orthographic":false}